-- Seed data for KokoSky Weather Service

-- Insert location data
INSERT INTO locations (code, city_name, region_name, country_name, country_code, enabled, trashed) VALUES
('NYC_US', 'New York', 'New York', 'United States', 'US', true, false),
('LON_UK', 'London', 'England', 'United Kingdom', 'UK', true, false),
('PAR_FR', 'Paris', 'Île-de-France', 'France', 'FR', true, false),
('TKY_JP', 'Tokyo', 'Kanto', 'Japan', 'JP', true, false),
('SYD_AU', 'Sydney', 'New South Wales', 'Australia', 'AU', true, false),
('RIO_BR', 'Rio de Janeiro', 'Rio de Janeiro', 'Brazil', 'BR', true, false),
('CPT_ZA', 'Cape Town', 'Western Cape', 'South Africa', 'ZA', true, false),
('BER_DE', 'Berlin', 'Berlin', 'Germany', 'DE', true, false),
('ROM_IT', 'Rome', 'Lazio', 'Italy', 'IT', true, false),
('MOW_RU', 'Moscow', 'Moscow', 'Russia', 'RU', true, false),
('BJS_CN', 'Beijing', 'Beijing', 'China', 'CN', true, false),
('DEL_IN', 'New Delhi', 'Delhi', 'India', 'IN', true, false),
('CAI_EG', 'Cairo', 'Cairo', 'Egypt', 'EG', true, false),
('MEX_MX', 'Mexico City', 'Mexico City', 'Mexico', 'MX', true, false),
('DXB_AE', 'Dubai', 'Dubai', 'United Arab Emirates', 'AE', true, false),
('YTO_CA', 'Toronto', 'Ontario', 'Canada', 'CA', true, false),
('SEL_KR', 'Seoul', 'Seoul', 'South Korea', 'KR', true, false),
('BKK_TH', 'Bangkok', 'Bangkok', 'Thailand', 'TH', true, false),
('SIN_SG', 'Singapore', 'Singapore', 'Singapore', 'SG', true, false),
('AMS_NL', 'Amsterdam', 'North Holland', 'Netherlands', 'NL', true, false),
('SFO_US', 'San Francisco', 'California', 'United States', 'US', true, false),
('LAX_US', 'Los Angeles', 'California', 'United States', 'US', true, false),
('MIA_US', 'Miami', 'Florida', 'United States', 'US', true, false),
('CHI_US', 'Chicago', 'Illinois', 'United States', 'US', false, false),
('HKG_CN', 'Hong Kong', 'Hong Kong', 'China', 'CN', false, true);

-- Insert realtime weather data
INSERT INTO realtime_weather (location_code, temperature, humidity, precipitation, wind_speed, status, last_updated) VALUES
('NYC_US', 22, 65, 10, 15, 'Partly Cloudy', CURRENT_TIMESTAMP - INTERVAL '1 HOUR'),
('LON_UK', 16, 80, 40, 20, 'Light Rain', CURRENT_TIMESTAMP - INTERVAL '45 MINUTE'),
('PAR_FR', 19, 70, 5, 10, 'Sunny', CURRENT_TIMESTAMP - INTERVAL '30 MINUTE'),
('TKY_JP', 28, 75, 0, 8, 'Clear', CURRENT_TIMESTAMP - INTERVAL '15 MINUTE'),
('SYD_AU', 24, 60, 0, 25, 'Windy', CURRENT_TIMESTAMP - INTERVAL '20 MINUTE'),
('RIO_BR', 32, 80, 30, 5, 'Thunderstorm', CURRENT_TIMESTAMP - INTERVAL '10 MINUTE'),
('CPT_ZA', 18, 50, 0, 30, 'Clear', CURRENT_TIMESTAMP - INTERVAL '25 MINUTE'),
('BER_DE', 15, 75, 20, 12, 'Cloudy', CURRENT_TIMESTAMP - INTERVAL '40 MINUTE'),
('ROM_IT', 26, 55, 0, 7, 'Sunny', CURRENT_TIMESTAMP - INTERVAL '35 MINUTE'),
('MOW_RU', 5, 65, 15, 18, 'Snow', CURRENT_TIMESTAMP - INTERVAL '50 MINUTE'),
('BJS_CN', 20, 40, 5, 22, 'Hazy', CURRENT_TIMESTAMP - INTERVAL '55 MINUTE'),
('DEL_IN', 35, 45, 0, 9, 'Hot', CURRENT_TIMESTAMP - INTERVAL '5 MINUTE'),
('CAI_EG', 33, 30, 0, 14, 'Hot', CURRENT_TIMESTAMP - INTERVAL '15 MINUTE'),
('MEX_MX', 25, 60, 35, 8, 'Rain', CURRENT_TIMESTAMP - INTERVAL '25 MINUTE'),
('DXB_AE', 38, 25, 0, 7, 'Hot', CURRENT_TIMESTAMP - INTERVAL '30 MINUTE'),
('YTO_CA', 12, 70, 15, 20, 'Light Rain', CURRENT_TIMESTAMP - INTERVAL '40 MINUTE'),
('SEL_KR', 18, 60, 0, 11, 'Clear', CURRENT_TIMESTAMP - INTERVAL '45 MINUTE'),
('BKK_TH', 34, 85, 40, 6, 'Tropical Storm', CURRENT_TIMESTAMP - INTERVAL '20 MINUTE'),
('SIN_SG', 31, 90, 45, 5, 'Thunderstorm', CURRENT_TIMESTAMP - INTERVAL '10 MINUTE'),
('AMS_NL', 14, 85, 30, 25, 'Heavy Rain', CURRENT_TIMESTAMP - INTERVAL '35 MINUTE'),
('SFO_US', 18, 70, 10, 22, 'Foggy', CURRENT_TIMESTAMP - INTERVAL '30 MINUTE'),
('LAX_US', 26, 50, 0, 8, 'Sunny', CURRENT_TIMESTAMP - INTERVAL '25 MINUTE'),
('MIA_US', 30, 75, 25, 12, 'Partly Cloudy', CURRENT_TIMESTAMP - INTERVAL '15 MINUTE');

-- Insert hourly weather forecast data for each location
-- For New York
INSERT INTO weather_hourly (location_code, hour_of_day, temperature, precipitation, status) VALUES
('NYC_US', 0, 20, 15, 'Cloudy'),
('NYC_US', 1, 19, 20, 'Light Rain'),
('NYC_US', 2, 19, 25, 'Rain'),
('NYC_US', 3, 18, 20, 'Light Rain'),
('NYC_US', 4, 18, 15, 'Cloudy'),
('NYC_US', 5, 19, 10, 'Partly Cloudy'),
('NYC_US', 6, 20, 5, 'Partly Cloudy'),
('NYC_US', 7, 21, 5, 'Partly Cloudy'),
('NYC_US', 8, 22, 5, 'Partly Cloudy'),
('NYC_US', 9, 23, 0, 'Sunny'),
('NYC_US', 10, 24, 0, 'Sunny'),
('NYC_US', 11, 25, 0, 'Sunny'),
('NYC_US', 12, 26, 0, 'Sunny'),
('NYC_US', 13, 26, 0, 'Sunny'),
('NYC_US', 14, 25, 5, 'Partly Cloudy'),
('NYC_US', 15, 25, 10, 'Partly Cloudy'),
('NYC_US', 16, 24, 15, 'Cloudy'),
('NYC_US', 17, 23, 20, 'Cloudy'),
('NYC_US', 18, 22, 15, 'Cloudy'),
('NYC_US', 19, 21, 10, 'Partly Cloudy'),
('NYC_US', 20, 21, 10, 'Partly Cloudy'),
('NYC_US', 21, 20, 10, 'Partly Cloudy'),
('NYC_US', 22, 20, 15, 'Cloudy'),
('NYC_US', 23, 19, 15, 'Cloudy');

-- For London
INSERT INTO weather_hourly (location_code, hour_of_day, temperature, precipitation, status) VALUES
('LON_UK', 0, 15, 45, 'Rain'),
('LON_UK', 1, 14, 50, 'Rain'),
('LON_UK', 2, 14, 55, 'Heavy Rain'),
('LON_UK', 3, 13, 50, 'Rain'),
('LON_UK', 4, 13, 45, 'Rain'),
('LON_UK', 5, 14, 40, 'Light Rain'),
('LON_UK', 6, 15, 35, 'Light Rain'),
('LON_UK', 7, 16, 30, 'Light Rain'),
('LON_UK', 8, 17, 25, 'Light Rain'),
('LON_UK', 9, 18, 20, 'Cloudy'),
('LON_UK', 10, 19, 15, 'Cloudy'),
('LON_UK', 11, 19, 10, 'Partly Cloudy'),
('LON_UK', 12, 20, 10, 'Partly Cloudy'),
('LON_UK', 13, 20, 15, 'Cloudy'),
('LON_UK', 14, 19, 20, 'Cloudy'),
('LON_UK', 15, 18, 25, 'Light Rain'),
('LON_UK', 16, 17, 30, 'Light Rain'),
('LON_UK', 17, 16, 35, 'Light Rain'),
('LON_UK', 18, 16, 40, 'Rain'),
('LON_UK', 19, 15, 40, 'Rain'),
('LON_UK', 20, 15, 35, 'Light Rain'),
('LON_UK', 21, 14, 30, 'Light Rain'),
('LON_UK', 22, 14, 25, 'Light Rain'),
('LON_UK', 23, 13, 20, 'Cloudy');

-- For Tokyo
INSERT INTO weather_hourly (location_code, hour_of_day, temperature, precipitation, status) VALUES
('TKY_JP', 0, 25, 0, 'Clear'),
('TKY_JP', 1, 24, 0, 'Clear'),
('TKY_JP', 2, 24, 0, 'Clear'),
('TKY_JP', 3, 23, 0, 'Clear'),
('TKY_JP', 4, 23, 0, 'Clear'),
('TKY_JP', 5, 24, 0, 'Clear'),
('TKY_JP', 6, 25, 0, 'Sunny'),
('TKY_JP', 7, 26, 0, 'Sunny'),
('TKY_JP', 8, 27, 0, 'Sunny'),
('TKY_JP', 9, 28, 0, 'Sunny'),
('TKY_JP', 10, 29, 0, 'Sunny'),
('TKY_JP', 11, 30, 0, 'Sunny'),
('TKY_JP', 12, 31, 0, 'Sunny'),
('TKY_JP', 13, 31, 0, 'Sunny'),
('TKY_JP', 14, 30, 0, 'Sunny'),
('TKY_JP', 15, 29, 0, 'Sunny'),
('TKY_JP', 16, 28, 0, 'Sunny'),
('TKY_JP', 17, 27, 0, 'Clear'),
('TKY_JP', 18, 27, 0, 'Clear'),
('TKY_JP', 19, 26, 0, 'Clear'),
('TKY_JP', 20, 26, 0, 'Clear'),
('TKY_JP', 21, 25, 0, 'Clear'),
('TKY_JP', 22, 25, 0, 'Clear'),
('TKY_JP', 23, 24, 0, 'Clear');

-- For Sydney
INSERT INTO weather_hourly (location_code, hour_of_day, temperature, precipitation, status) VALUES
('SYD_AU', 0, 22, 0, 'Windy'),
('SYD_AU', 1, 21, 0, 'Windy'),
('SYD_AU', 2, 21, 0, 'Windy'),
('SYD_AU', 3, 20, 0, 'Windy'),
('SYD_AU', 4, 20, 0, 'Windy'),
('SYD_AU', 5, 21, 0, 'Windy'),
('SYD_AU', 6, 22, 0, 'Windy'),
('SYD_AU', 7, 23, 0, 'Windy'),
('SYD_AU', 8, 24, 0, 'Windy'),
('SYD_AU', 9, 25, 0, 'Windy'),
('SYD_AU', 10, 26, 0, 'Windy'),
('SYD_AU', 11, 27, 0, 'Windy'),
('SYD_AU', 12, 27, 0, 'Windy'),
('SYD_AU', 13, 27, 0, 'Windy'),
('SYD_AU', 14, 26, 0, 'Windy'),
('SYD_AU', 15, 25, 0, 'Windy'),
('SYD_AU', 16, 24, 0, 'Windy'),
('SYD_AU', 17, 23, 0, 'Windy'),
('SYD_AU', 18, 22, 0, 'Windy'),
('SYD_AU', 19, 22, 0, 'Windy'),
('SYD_AU', 20, 21, 0, 'Clear'),
('SYD_AU', 21, 21, 0, 'Clear'),
('SYD_AU', 22, 20, 0, 'Clear'),
('SYD_AU', 23, 20, 0, 'Clear');

-- For Paris
INSERT INTO weather_hourly (location_code, hour_of_day, temperature, precipitation, status) VALUES
('PAR_FR', 0, 16, 10, 'Partly Cloudy'),
('PAR_FR', 1, 15, 10, 'Partly Cloudy'),
('PAR_FR', 2, 15, 5, 'Clear'),
('PAR_FR', 3, 14, 5, 'Clear'),
('PAR_FR', 4, 14, 5, 'Clear'),
('PAR_FR', 5, 15, 0, 'Clear'),
('PAR_FR', 6, 16, 0, 'Sunny'),
('PAR_FR', 7, 17, 0, 'Sunny'),
('PAR_FR', 8, 18, 0, 'Sunny'),
('PAR_FR', 9, 19, 0, 'Sunny'),
('PAR_FR', 10, 20, 0, 'Sunny'),
('PAR_FR', 11, 21, 0, 'Sunny'),
('PAR_FR', 12, 22, 0, 'Sunny'),
('PAR_FR', 13, 22, 0, 'Sunny'),
('PAR_FR', 14, 21, 0, 'Sunny'),
('PAR_FR', 15, 20, 0, 'Sunny'),
('PAR_FR', 16, 19, 5, 'Partly Cloudy'),
('PAR_FR', 17, 18, 5, 'Partly Cloudy'),
('PAR_FR', 18, 17, 10, 'Partly Cloudy'),
('PAR_FR', 19, 17, 10, 'Partly Cloudy'),
('PAR_FR', 20, 16, 10, 'Partly Cloudy'),
('PAR_FR', 21, 16, 5, 'Partly Cloudy'),
('PAR_FR', 22, 15, 5, 'Partly Cloudy'),
('PAR_FR', 23, 15, 5, 'Partly Cloudy');

-- For Dubai
INSERT INTO weather_hourly (location_code, hour_of_day, temperature, precipitation, status) VALUES
('DXB_AE', 0, 32, 0, 'Clear'),
('DXB_AE', 1, 31, 0, 'Clear'),
('DXB_AE', 2, 30, 0, 'Clear'),
('DXB_AE', 3, 30, 0, 'Clear'),
('DXB_AE', 4, 29, 0, 'Clear'),
('DXB_AE', 5, 30, 0, 'Clear'),
('DXB_AE', 6, 31, 0, 'Sunny'),
('DXB_AE', 7, 33, 0, 'Sunny'),
('DXB_AE', 8, 35, 0, 'Hot'),
('DXB_AE', 9, 36, 0, 'Hot'),
('DXB_AE', 10, 38, 0, 'Hot'),
('DXB_AE', 11, 39, 0, 'Hot'),
('DXB_AE', 12, 40, 0, 'Hot'),
('DXB_AE', 13, 40, 0, 'Hot'),
('DXB_AE', 14, 39, 0, 'Hot'),
('DXB_AE', 15, 38, 0, 'Hot'),
('DXB_AE', 16, 37, 0, 'Hot'),
('DXB_AE', 17, 36, 0, 'Hot'),
('DXB_AE', 18, 35, 0, 'Hot'),
('DXB_AE', 19, 34, 0, 'Clear'),
('DXB_AE', 20, 33, 0, 'Clear'),
('DXB_AE', 21, 32, 0, 'Clear'),
('DXB_AE', 22, 31, 0, 'Clear'),
('DXB_AE', 23, 31, 0, 'Clear');

-- For Rio de Janeiro
INSERT INTO weather_hourly (location_code, hour_of_day, temperature, precipitation, status) VALUES
('RIO_BR', 0, 28, 40, 'Thunderstorm'),
('RIO_BR', 1, 27, 45, 'Thunderstorm'),
('RIO_BR', 2, 27, 50, 'Thunderstorm'),
('RIO_BR', 3, 26, 45, 'Thunderstorm'),
('RIO_BR', 4, 26, 40, 'Rain'),
('RIO_BR', 5, 27, 35, 'Rain'),
('RIO_BR', 6, 28, 30, 'Light Rain'),
('RIO_BR', 7, 29, 25, 'Light Rain'),
('RIO_BR', 8, 30, 20, 'Cloudy'),
('RIO_BR', 9, 31, 15, 'Cloudy'),
('RIO_BR', 10, 32, 10, 'Partly Cloudy'),
('RIO_BR', 11, 33, 5, 'Partly Cloudy'),
('RIO_BR', 12, 34, 5, 'Partly Cloudy'),
('RIO_BR', 13, 34, 10, 'Partly Cloudy'),
('RIO_BR', 14, 33, 15, 'Partly Cloudy'),
('RIO_BR', 15, 32, 20, 'Cloudy'),
('RIO_BR', 16, 31, 25, 'Cloudy'),
('RIO_BR', 17, 30, 30, 'Light Rain'),
('RIO_BR', 18, 29, 35, 'Rain'),
('RIO_BR', 19, 29, 40, 'Rain'),
('RIO_BR', 20, 28, 45, 'Thunderstorm'),
('RIO_BR', 21, 28, 40, 'Thunderstorm'),
('RIO_BR', 22, 27, 35, 'Rain'),
('RIO_BR', 23, 27, 30, 'Light Rain');